{"cameraMode":{"drawMode":0,"name":"Shaded","section":"Shading Mode"},"sceneLighting":true,"audioPlay":false,"sceneViewState":{"showFog":false,"showMaterialUpdate":false,"showSkybox":false,"showFlares":false,"showImageEffects":false,"showParticleSystems":true},"in2DMode":false,"pivot":{"x":-1.816068410873413,"y":1.2051424980163575,"z":2.1168808937072756},"rotation":{"x":-0.21557702124118806,"y":-0.7404730319976807,"z":0.2789784073829651,"w":-0.5721903443336487},"size":17.67529296875,"orthographic":false}